Localization,1.0.0,,,,,,,,,,,,
ID,en:English,ja:Japanese,zh:Chinese,zh-CN:ChineseSimplified,zh-TW:ChineseTraditional,fr:French,es:Spanish,ko:Korean,id:Indonesian,th:Thai,ar:Arabic,ru:Russian,de:German
#Modal,,,,,,,,,,,,,
Error,Error,エラー,错误,错误,錯誤,Erreur,Error,오류,Kesalahan,ความผิดพลาด,خطأ,ошибка,Error
ERROR,ERROR,エラー,错误,错误,錯誤,ERREUR,ERROR,오류,KESALAHAN,ข้อผิดพลาด,خطأ,ОШИБКА,ERROR
Confirmation,Confirmation,確認,确认,确认,確認,Confirmation,Confirmación,확인,Konfirmasi,การยืนยัน,التأكيد,подтверждение,Bestätigung
Success,Success,成功,成功,成功,成功,Succès,Éxito,성공,Keberhasilan,ความสำเร็จ,نجاح,успех,Erfolg
Submit,Submit,決定,提交,提交,提交,Soumettre,Enviar,결정,Menyerahkan,เสนอ,خضع,Отправить,einreichen
Cancel,Cancel,取消,取消,取消,取消,Annuler,Cancelar,취소,Membatalkan,ยกเลิก,إلغاء,Отмена,Stornieren
Select,Select,選択,选择,选择,選擇,Sélectionner,Seleccionar,선택,Memilih,เลือก,تحديد,Выбрать,Wählen
Quit,Quit,終了,放弃,放弃,放棄,Quitter,Dejar,종료,Berhenti,เลิก,استقال,Уволиться,Verlassen
Next,Next,次へ,下一个,下一个,下一個,Prochain,Siguiente,다음에,Berikutnya,ต่อไป,التالى,следующий,Nächster
Prev,Prev,前へ,上一页,上一页,上一頁,Précédent,Anterior,이전,prev,ก่อนหน้า,السابق,Предыдущая,Zurück
Forward,Forward,すすむ,前锋,前锋,前鋒,Vers l'avant,Adelante,스스무,Meneruskan,ข้างหน้า,إلى الأمام,Вперед,Nach vorne
Back,Back,もどる,背部,背部,背部,Arrière,Espalda,돌아 가기,Kembali,กลับ,الى الخلف,назад,Zurück
Menu,Menu,メニュー,菜单,菜单,菜單,Menu,Menú,메뉴,Menu,เมนู,قائمة طعام,Меню,Speisekarte
Yes,Yes,はい,是,是,是,Oui,Sí,예,iya nih,ใช่,نعم فعلا,да,Ja
No,No,いいえ,没有,没有,沒有,Non,No,아니오,Tidak,ไม่,لا,нет,Nein
Submit,Submit,決定,提交,提交,提交,Soumettre,Enviar,결정,Menyerahkan,เสนอ,خضع,Отправить,einreichen
Abort,Abort,中断,退出,退出,退出,Avorter,Abortar,중단,Menggugurkan,ทำแท้ง,إحباط,выкинуть,Abbrechen
OK,OK,OK,好,好,好,D'accord,DE ACUERDO,OK,baik,ตกลง,حسنا,ОК,OK
Close,Close,とじる,关,关,關,Fermer,Cerca,제본,Dekat,ปิด,قريب,Закрыть,Schließen
Aborted,It was aborted,中断されました,它被中止,它被中止,它被中止,Il a été annulé,Fue abortado,중단되었습니다,Itu dibatalkan,มันถูกยกเลิก,تم إحباط ذلك,Это было прервано,Es wurde abgebrochen
Would you like to try again?,Would you like to try again?,もう一度やりなおしますか？,你想再试一次吗？,你想再试一次吗？,你想再試一次嗎？,Souhaitez-vous essayer à nouveau?,¿Le gustaría volver a intentarlo?,다시 시도 하시겠습니까?,Apakah Anda ingin mencoba lagi?,คุณต้องการที่จะลองอีกครั้งหรือไม่,هل تود أن تجرب مجددا؟,Хотели бы вы попробовать еще раз?,Würdest du es gerne nochmal versuchen?
The settings so far will be lost. Is it OK?,The settings so far will be lost. Is it OK?,これまでの設定が失われてしまいますがよろしいでしょうか？,设置到目前为止都将丢失。可以吗？,设置到目前为止都将丢失。可以吗？,設置到目前為止都將丟失。可以嗎？,Les paramètres jusqu'à présent seront perdus. Est-ce que c'est bon?,Los ajustes hasta el momento se perderán. ¿Está bien?,지금까지의 설정이 손실 될 수 있지만 좋을까요?,Pengaturan sejauh akan hilang. Apakah itu OK?,การตั้งค่าเพื่อให้ห่างไกลจะหายไป มันตกลง?,الإعدادات ستفقد حتى الآن. هل الامور على ما يرام؟,Настройки пока будут потеряны. Это нормально?,Die Einstellungen so weit wird verloren gehen. Ist es o.k?
"Would you like to return, is it OK?","Would you like to return, is it OK?",戻りますがよろしいですか？,你想退货，可以吗？,你想退货，可以吗？,你想退貨，可以嗎？,"Voulez-vous revenir, est-il d'accord?","¿Le gustaría volver, ¿está bien?",돌아가지만 하시겠습니까?,"Apakah Anda ingin kembali, itu OK?",คุณต้องการที่จะกลับมามันก็โอเค?,هل ترغب في العودة، هل هو موافق؟,"Вы хотите, чтобы вернуться, нормально ли это?","Würden Sie gerne zurückkehren, ist es in Ordnung?"
Game will be shutdown and returning. Is is OK?,Game will be shutdown and returning. Is is OK?,ゲームを終了し、戻りますがよろしいですか？,游戏将关闭并返回。是正常？,游戏将关闭并返回。是正常？,遊戲將關閉並返回。是正常？,Jeu sera arrêté et le retour. Is est OK?,Juego será apagado y regresar. Es decir está bien?,게임을 종료하고 돌아가지만 하시겠습니까?,Game akan shutdown dan kembali. Apakah OK?,เกมจะปิดและกลับมา มีที่เป็น OK?,والمباراة ستكون الاغلاق والعودة. غير ما يرام؟,Игра будет остановка и возвращение. Является ли это хорошо?,Spiel wird Abschaltung und Rückkehr sein. In Ordnung ist?
Quit the application,Quit the application.,アプリを終了します。,退出应用程序。,退出应用程序。,退出應用程序。,Quittez l'application.,Salir de la aplicación.,응용 프로그램을 종료합니다.,Keluar dari aplikasi.,ออกจากโปรแกรมประยุกต์,إنهاء التطبيق.,Выход из приложения.,Beenden Sie die Anwendung.
{0} hours,{0} hours,{0}時間,{0}小时,{0}小时,{0}小時,{0} heures,{0} horas,{0} 시간,{0} jam,{0} ชั่วโมง,{0} ساعات,{0} часов,{0} Stunden
After {0} hours,After {0} hours,あと{0}時間,{0}小时后,{0}小时后,{0}小時後,Après {0} heures,Después {0} horas,그리고 {0} 시간,Setelah {0} jam,หลังจาก {0} ชั่วโมง,بعد {0} ساعات,"После того, как {0} часов",Nach {0} Stunden
Available immediately,Available immediately,すぐに利用できます,立即可用,立即可用,立即可用,Disponible immédiatement,Disponible inmediatamente,즉시 사용할 수 있습니다,Segera tersedia,สามารถใช้ได้ทันที,تتوفر على الفور,Доступен немедленно,Sofort verfügbar
Application will be quit. Is it OK?,Application will be quit. Is it OK?,アプリケーションを終了します。よろしいですか？,应用程序将被退出。可以吗？,应用程序将被退出。可以吗？,應用程序將被退出。可以嗎？,sera quitter l'application. Est-ce que c'est bon?,se dejó de aplicación. ¿Está bien?,응용 프로그램을 종료합니다. 하시겠습니까?,Aplikasi akan berhenti. Apakah itu OK?,แอพลิเคชันจะเลิก มันตกลง?,سيتم إنهاء التطبيق. هل الامور على ما يرام؟,Заявка будет бросить курить. Это нормально?,Die Anwendung wird verlassen werden. Ist es o.k?
#Purchase,,,,,,,,,,,,,
Get,Get,ゲット,得到,得到,得到,Obtenir,Obtener,겟,Mendapatkan,ได้รับ,احصل على,Получить,Bekommen
Purchase,Purchase,購入,采购,采购,採購,achat,Compra,구매,Membeli,ซื้อ,شراء,покупка,Kauf
Purchasing system is not supported on this platform,Purchasing system is not supported on this platform.,この端末は課金システムに対応していません。,采购系统不支持此平台上。,采购系统不支持此平台上。,採購系統不支持此平台上。,système d'achat est pas pris en charge sur cette plate-forme.,sistema de compras no es compatible con esta plataforma.,이 단말기는 과금 시스템을 지원하지 않습니다.,sistem pembelian tidak didukung pada platform ini.,ระบบการจัดซื้อไม่ได้รับการสนับสนุนบนแพลตฟอร์มนี้,لا يتم اعتماد نظام الشراء على هذه المنصة.,Система закупок не поддерживается на этой платформе.,Beschaffungssystem wird auf dieser Plattform nicht unterstützt.
Purchase [Name] with [Price] Prizm. Is it OK?,Purchase [Name] with [Price] Prizm. Is it OK?,[Name]を[Price]プリズムで購入します。よろしいですか？,购买的{0} [Price] PRIZM。可以吗？,购买的{0} [Price] PRIZM。可以吗？,購買的{0} [Price] PRIZM。可以嗎？,Achat [Name] [Price] avec Prizm. Est-ce que c'est bon?,Compra [Name] [Price] con Prizm. ¿Está bien?,[Name을 [Price] 프리즘 구매합니다. 하시겠습니까?,Pembelian [Name] dengan [Price] Prizm. Apakah itu OK?,ซื้อ [Name] ด้วย [Price] พริซึ่ม มันตกลง?,شراء [Name] مع [Price] PRIZM. هل الامور على ما يرام؟,Покупка [Name] [Price] Prizm. Это нормально?,Erwerben Sie [Name] mit [Price] Prizm. Ist es o.k?
You do not have enough Prizm,You do not have enough Prizm,プリズムが足りません,您没有足够的PRIZM,您没有足够的PRIZM,您沒有足夠的PRIZM,Vous n'avez pas assez Prizm,Usted no tiene suficiente Prizm,프리즘이 충분하지 않습니다,Anda tidak memiliki cukup Prizm,คุณไม่ได้มีมากพอพริซึ่ม,لم يكن لديك ما يكفي من PRIZM,Вам не хватает Prizm,Sie haben nicht genug Prizm
You do not have enough Prizm. It can be added newly.,You do not have enough Prizm. It can be added newly.,プリズムが足りません。新しく追加できます。,您没有足够的PRIZM。它可以新追加。,您没有足够的PRIZM。它可以新追加。,您沒有足夠的PRIZM。它可以新追加。,Vous n'avez pas assez Prizm. Il peut être ajouté récemment.,Usted no tiene suficiente Prizm. Puede ser agregado recientemente.,프리즘이 충분하지 않습니다. 새로 추가 할 수 있습니다.,Anda tidak memiliki cukup Prizm. Hal ini dapat ditambahkan baru.,คุณไม่ได้มีมากพอพริซึ่ม ก็สามารถที่จะเพิ่มเข้ามาใหม่,لم يكن لديك ما يكفي من PRIZM. ويمكن المضافة حديثا.,Вам не хватает Prizm. Он может быть добавлен вновь.,Sie haben nicht genug Prizm. Es kann neu hinzugefügt werden.
You do not have enough Gold.,You do not have enough Gold.,ゴールドが足りません。,你没有足够的黄金。,你没有足够的黄金。,你沒有足夠的黃金。,Vous n'avez pas assez d'or.,Usted no tiene suficiente oro.,골드가 부족합니다.,Anda tidak memiliki cukup emas.,คุณไม่ได้มีทองพอ,لم يكن لديك ما يكفي من الذهب.,Вам не хватает золота.,Sie haben nicht genug Gold.
You do not have enough Ticket.,You do not have enough Ticket.,チケットが足りません。,您没有足够的票。,您没有足够的票。,您沒有足夠的票。,Vous n'avez pas assez de billets.,Usted no tiene suficientes entradas.,티켓이 충분하지 않습니다.,Anda tidak memiliki cukup Ticket.,คุณไม่ได้ตั๋วพอ,لم يكن لديك ما يكفي من التذاكر.,Вам не хватает билетов.,Sie haben nicht genug Ticket.
This item already possessed.,This item already possessed.,このアイテムはすでに所持しています。,此产品已经具备。,此产品已经具备。,此產品已經具備。,Cet article possédait déjà.,Este objeto ya poseía.,이 항목은 이미 소지하고 있습니다.,Item ini sudah dimiliki.,รายการนี้ครอบครองอยู่แล้ว,هذا البند تمتلك بالفعل.,Этот пункт уже обладал.,Dieser Artikel ist bereits besaß.
You can not charge any more this month. Please wait until the next month.,You can not charge any more this month. Please wait until the next month.,今月はこれ以上課金できません。次の月までお待ち下さい。,你可以不收取任何更多的这个月。请等到下个月。,你可以不收取任何更多的这个月。请等到下个月。,你可以不收取任何更多的這個月。請等到下個月。,Vous ne pouvez pas charger plus ce mois-ci. S'il vous plaît attendre le mois suivant.,"No se puede cargar más este mes. Por favor, espere hasta que el próximo mes.",이번 달은 더 이상 청구 할 수 없습니다. 다음 달까지 기다려주십시오.,Anda tidak dapat mengisi lagi bulan ini. Harap menunggu sampai bulan depan.,คุณไม่สามารถคิดค่าบริการใด ๆ เพิ่มเติมในเดือนนี้ กรุณารอสักครู่จนกว่าจะถึงเดือนถัดไป,لا يمكن اتهام أي أكثر من هذا الشهر. يرجى الانتظار حتى الشهر المقبل.,"Вы не можете зарядить больше в этом месяце. Пожалуйста, подождите до следующего месяца.",Sie können nicht mehr in diesem Monat berechnen. Bitte warten Sie bis zum nächsten Monat.
Purchase is complete!,Purchase is complete!,購入が完了しました！,购买完成！,购买完成！,購買完成！,L'achat est terminée!,Compra es completa!,구매가 완료되었습니다!,Pembelian selesai!,ซื้อเสร็จสมบูรณ์แล้ว!,شراء اكتمال!,Покупка завершена!,Kauf ist abgeschlossen!
Age verification,Age verification,年齢認証,年龄验证,年龄验证,年齡驗證,Verification de l'AGE,Verificación de edad,연령 인증,Verifikasi umur,การตรวจสอบอายุ,تاكيد السن,Подтверждение возраста,Altersüberprüfung
Age verification comment,Please select your age,あなたの年齢を選択して下さい,请选择您的年龄,请选择您的年龄,請選擇您的年齡,S'il vous plaît choisir votre âge,Por favor seleccione su edad,당신의 나이를 선택하십시오,Silakan pilih usia Anda,กรุณาเลือกอายุของคุณ,الرجاء تحديد عمرك,"Пожалуйста, выберите возраст",Bitte wählen Sie Ihr Alter
Age Under16,Under 16,16歳以下,在16,在16,在16,moins de 16 ans,Menores de 16 años,16 세 이하,Dibawah 16 tahun,อายุต่ำกว่า 16,أقل من 16,до 16 лет,Unter 16
Age Under16 comment,Charge limit: [Limit] Prizm / month,課金制限：[Limit]プリズム / 月,充电限制：[Limit] PRIZM /月,充电限制：[Limit] PRIZM /月,充電限制：[Limit] PRIZM /月,Limite de charge: [Limit] Prizm / mois,Carga límite: [Limit] Prizm / mes,결제 제한 : [Limit] 프리즘 / 월,Batas muatan: [Limit] Prizm / bulan,วงเงินค่าใช้จ่าย: [Limit] พริซึ่ม / เดือน,الحد المسؤول: [Limit] PRIZM / شهر,Предел зарядки: [Limit] Prizm / месяц,Gebührenlimit: [Limit] Prizm / Monat
Age Under19,Under 19,19歳以下,19岁以下,19岁以下,19歲以下,moins de 19 ans,menores de 19 años,19 세 이하,di bawah 19,ต่ำกว่า 19,أقل من 19,до 19 лет,unter 19
Age Under19 comment,Charge limit: [Limit] Prizm / month,課金制限：[Limit]プリズム / 月,收费限额：[Limit] PRIZM /月,收费限额：[Limit] PRIZM /月,收費限額：[Limit] PRIZM /月,Limite de charge: 20 000 Prizm / mois,Carga límite: [Limit] Prizm / mes,결제 제한 : [Limit] 프리즘 / 월,Batas biaya: [Limit] Prizm / bulan,วงเงินค่าใช้จ่าย: [Limit] พริซึ่ม / เดือน,الحد المسؤول: [Limit] PRIZM / شهر,Предел обязанности: [Limit] Prizm / месяц,Gebührenlimit: [Limit] Prizm / Monat
Age Over20,Over 20,20歳以上,超过20个,超过20个,超過20個,Plus de 20,Más de 20,20 세 이상,lebih dari 20,กว่า 20,فوق 20,Более 20,Über 20
Age Over20 comment,Charge limit: None,課金制限：なし,充电限制：无,充电限制：无,充電限制：無,Limite de charge: Aucun,el límite de gasto: Ninguno,결제 제한 : 없음,Batas biaya: Tidak ada,วงเงินค่าใช้จ่าย: ไม่มี,الحد المسؤول: لا يوجد,не предел заряда: Нет,Gebührenlimit: Keine
#Gacha,,,,,,,,,,,,,
GetByPrizm,Get by Prizm,プリズムでゲット,通过PRIZM获取,通过PRIZM获取,通過PRIZM獲取,Obtenez par Prizm,Obtener por Prizm,프리즘 획득,Dapatkan oleh Prizm,ได้รับโดยพริซึ่ม,تحصل من قبل PRIZM,Получить по Prizm,Erhalten von Prizm
GetByGold,Get by Gold,ゴールドでゲット,通过黄金获得,通过黄金获得,通過黃金獲得,Obtenez par Gold,Obtener por Gold,골드 획득,Dapatkan dengan Emas,โดยได้รับทอง,الحصول عليها عن طريق الذهب,Получить на золото,Erhalten Sie durch Gold
GetByMulti,10 shot & 1 rare gacha,レア1確定 11連ガチャ,10截取1个嘎查罕见,10截取1个嘎查罕见,10截取1個嘎查罕見,10 et 1 coup gacha rare,10 disparos y 1 Gacha rara,레어 1 확정 11 연 가챠,10 tembakan & 1 gacha langka,10 ยิง & 1 Gacha หายาก,10 بالرصاص و1 gacha نادرة,10 выстрела и 1 редкий Gacha,10 & Schuss 1 rare gacha
GetByAds,Get by watching video ads,動画広告を見てゲット,通过观看视频广告获取,通过观看视频广告获取,通過觀看視頻廣告獲取,Obtenez en regardant les annonces vidéo,Obtener por ver anuncios de vídeo,동영상 광고를보고갑니다,Dapatkan dengan menonton iklan video,ได้รับจากการดูโฆษณาวิดีโอ,احصل من خلال مشاهدة إعلانات الفيديو,Получить наблюдая видеорекламу,Erhalten Sie durch die Beobachtung von Videoanzeigen
GetByTicket,Get by Ticket,チケットでゲット,凭票获取,凭票获取,憑票獲取,Obtenez par billet,Obtener por entradas,티켓 획득,Dapatkan oleh Tiket,โดยได้รับตั๋ว,الحصول عليها عن طريق التذاكر,Получить по билету,Erhalten von Ticket
Ads,Ads gacha,広告ガチャ,广告嘎查,广告嘎查,廣告嘎查,annonces gacha,anuncios Gacha,광고 가체,iklan gacha,Gacha โฆษณา,إعلانات gacha,Объявления Gacha,Anzeigen gacha
RestrictionLimitedCount,You can not play any more,これ以上プレイできません,你可以不踢了,你可以不踢了,你可以不踢了,Vous ne pouvez plus jouer,No se puede jugar más,더 이상 재생할 수 없습니다,Anda tidak bisa bermain lagi,คุณไม่สามารถเล่นใด ๆ เพิ่มเติม,لا يمكنك لعب أي أكثر,Вы не можете больше играть,Sie können nicht mehr spielen
RestrictionCount,You can play [$Count] more times,あと[$Count]回プレイできます,你可以玩[$Count]多次,你可以玩[$Count]多次,你可以玩[$Count]多次,Vous pouvez jouer [$Count] fois,Puede reproducir [$Count] más veces,그리고 [$Count] 번 플레이 할 수 있습니다,Anda dapat memainkan [$Count] kali,คุณสามารถเล่น [$Count] ครั้งมากขึ้น,يمكن أن تقوم به [$Count] أكثر من مرة,Вы можете играть в [$Count] несколько раз,Sie können [$Count] mehrmals spielen
RestrictionLimitedDay,You can play after [$Days] days,あと[$Days]日後にプレイできます,您可以后[$Days]天玩,您可以后[$Days]天玩,您可以後[$Days]天玩,Vous pouvez jouer après [$Days] jours,Se puede jugar tras [$Days] días,그리고 [$Days] 일 후 플레이 할 수 있습니다,Anda dapat bermain setelah [$Days] hari,คุณสามารถเล่นหลังจาก [$Days] วัน,يمكنك ان تلعب بعد [$Days] أيام,Вы можете играть через [$Days] дней,Sie können nach [$Tage] Tagen spielen
RestrictionDay,Play once a day,１日１回プレイ可,玩一天一次,玩一天一次,玩一天一次,Jouez une fois par jour,Juega una vez al día,1 일 1 회 플레이 가능,Bermain sekali sehari,เล่นวันละครั้ง,لعب مرة واحدة يوميا,Играть один раз в день,Spielen Sie einmal pro Tag
RestrictionWeek,Play once a week,週に１回プレイ可,玩每周一次,玩每周一次,玩每週一次,Jouez une fois par semaine,Jugar una vez a la semana,일주일에 한 번 플레이 가능,Bermain sekali seminggu,เล่นสัปดาห์ละครั้ง,لعب مرة واحدة في الأسبوع,Играть раз в неделю,Spielen Sie einmal pro Woche
RestrictionMonth,Play once a month,月に１回プレイ可,每月打一次,每月打一次,每月打一次,Jouez une fois par mois,Juega una vez al mes,월 1 회 플레이 가능,Bermain sebulan sekali,เล่นเดือนละครั้ง,لعب مرة واحدة في الشهر,Играть раз в месяц,Spielen Sie einmal im Monat
ReleaseRestriction,Pay the prizm and make it available now,プリズムを支払い今すぐプレイ可能にする,支付PRIZM，并使其可现在,支付PRIZM，并使其可现在,支付PRIZM，並使其可現在,Payer le Prizm et le rendre disponible dès maintenant,Pagar el Prizm y hacerlo disponible ahora,프리즘을 지불 지금 플레이 가능하게하는,Bayar PRIZM dan membuatnya tersedia sekarang,จ่ายพริซึ่มและทำให้มันใช้ได้ในขณะนี้,دفع PRIZM وجعلها متاحة الآن,Оплатите Prizm и сделать его доступным в настоящее время,Zahlen Sie die prizm und machen es verfügbar
Acquisition of [Name] Bonus list,Acquisition of [Name] Bonus list,[Name]の取得ボーナス一覧,[Name]奖励名单的收购,[Name]奖励名单的收购,[Name]獎勵名單的收購,Acquisition de [Name] Liste Bonus,Adquisición de [Name] lista de Bono,[Name]에서 보너스 목록,Akuisisi [Name] daftar Bonus,เข้าซื้อกิจการของ [Name] รายการโบนัส,اكتساب [Name] قائمة مكافأة,Приобретение [Name] списка Bonus,Erwerb von [Name] Bonus Liste
You can play 1 gacha with watching video advertisement. You can get items automatically after the video is finished. Can you proceed anyway?,You can play 1 gacha with watching video advertisement. You can get items automatically after the video is finished. Can you proceed anyway?,動画広告を見て１回ガチャをプレイします。動画広告終了後に自動的にアイテムがゲットできます。このまま進めますか？,你可以玩1个嘎查与观看视频广告。视频播放结束后，可自动获得项目。你能仍要继续？,你可以玩1个嘎查与观看视频广告。视频播放结束后，可自动获得项目。你能仍要继续？,你可以玩1個嘎查與觀看視頻廣告。視頻播放結束後，可自動獲得項目。你能仍要繼續？,Vous pouvez jouer 1 Gacha avec regarder publicité vidéo. Vous pouvez obtenir des éléments automatiquement une fois la vidéo terminée. Pouvez-vous quand même continuer?,Puede jugar de 1 Gacha con la observación de la publicidad de vídeo. Usted puede obtener artículos de forma automática después de que el vídeo se terminó. Se puede continuar de todos modos?,동영상 광고를보고 1 회 가체를 플레이합니다. 동영상 광고 종료 후 자동으로 아이템을 획득 할 수 있습니다. 이대로 진행 하시겠습니까?,Anda bisa bermain 1 gacha dengan menonton video iklan. Anda bisa mendapatkan barang-barang secara otomatis setelah video selesai. Anda dapat melanjutkan sih?,คุณสามารถเล่น 1 Gacha กับการดูโฆษณาวิดีโอ คุณจะได้รับรายการโดยอัตโนมัติหลังจากที่วิดีโอเสร็จเรียบร้อยแล้ว คุณสามารถดำเนินการต่อไปหรือไม่,يمكنك أن تلعب 1 gacha مع مشاهدة الإعلان الفيديو. يمكنك الحصول على البنود تلقائيا بعد الانتهاء من الفيديو. يمكنك المتابعة على أية حال؟,"Вы можете играть 1 Gacha с просмотром видео рекламы. Вы можете получить пункты автоматически после того, как видео закончены. Вы можете перейти в любом случае?","Sie können sich 1 gacha spielen mit Video-Werbung zu beobachten. Sie können Elemente automatisch erhalten, nachdem das Video fertig ist. Können Sie trotzdem weitermachen?"
You can play 1 gacha with paying [Prizm] Prizm. Is it OK?,You can play 1 gacha with paying [Prizm] Prizm. Is it OK?,プリズムを[Prizm]支払って１回ガチャをプレイします。よろしいですか？,你可以玩1个嘎查与支付[Prizm] PRIZM。可以吗？,你可以玩1个嘎查与支付[Prizm] PRIZM。可以吗？,你可以玩1個嘎查與支付[Prizm] PRIZM。可以嗎？,Vous pouvez jouer 1 Gacha de payer [Prizm] Prizm. Est-ce que c'est bon?,Puede jugar de 1 Gacha con el pago de [Prizm] Prizm. ¿Está bien?,프리즘을 [Prizm] 지불 한 번 가챠를 플레이합니다. 하시겠습니까?,Anda bisa bermain 1 gacha dengan membayar [Prizm] Prizm. Apakah itu OK?,คุณสามารถเล่น 1 Gacha กับการชำระเงิน [Prizm] พริซึ่ม มันตกลง?,يمكنك أن تلعب 1 gacha مع دفع [Prizm] PRIZM. هل الامور على ما يرام؟,Вы можете играть 1 Gacha с оплатой [Prizm] Prizm. Это нормально?,Sie können sich 1 gacha mit der Zahlung [Prizm] Prizm spielen. Ist es o.k?
You can play 1 gacha with paying [Gold] Gold. Is it OK?,You can play 1 gacha with paying [Gold] Gold. Is it OK?,ゴールドを[Gold]支払って１回ガチャをプレイします。よろしいですか？,你可以玩1个嘎查与支付[Gold]金。可以吗？,你可以玩1个嘎查与支付[Gold]金。可以吗？,你可以玩1個嘎查與支付[Gold]金。可以嗎？,Vous pouvez jouer 1 Gacha de payer [Gold] Or. Est-ce que c'est bon?,Puede jugar de 1 Gacha con el pago de [Gold] de oro. ¿Está bien?,골드 [Gold] 지불하고 1 회 가체를 플레이합니다. 하시겠습니까?,Anda bisa bermain 1 gacha dengan membayar [Gold] Emas. Apakah itu OK?,คุณสามารถเล่น 1 Gacha กับการชำระเงิน [Gold] ทอง มันตกลง?,يمكنك أن تلعب 1 gacha مع دفع [Gold] الذهب. هل الامور على ما يرام؟,Вы можете играть 1 Gacha с оплатой [Gold] Gold. Это нормально?,Sie können sich 1 gacha mit der Zahlung [Gold] Gold-spielen. Ist es o.k?
You can play 1 gacha with consuming 1 Ticket. Is it OK?,You can play 1 gacha with consuming 1 Ticket. Is it OK?,チケットを1つ消費して１回ガチャをプレイします。よろしいですか？,你可以玩1个嘎查与消耗1张票。可以吗？,你可以玩1个嘎查与消耗1张票。可以吗？,你可以玩1個嘎查與消耗1張票。可以嗎？,Vous pouvez jouer 1 Gacha à la consommation 1 Ticket. Est-ce que c'est bon?,Puede jugar de 1 Gacha con el consumo de 1 entradas. ¿Está bien?,티켓을 하나 소비하여 1 회 가체를 플레이합니다. 하시겠습니까?,Anda bisa bermain 1 gacha dengan mengkonsumsi 1 Ticket. Apakah itu OK?,คุณสามารถเล่น 1 Gacha กับการบริโภค 1 ตั๋ว มันตกลง?,يمكنك أن تلعب 1 gacha مع المستهلكة 1 التذاكر. هل الامور على ما يرام؟,Вы можете играть 1 Gacha с потреблением 1 билет. Это нормально?,Sie können mit raubend 1 Ticket 1 gacha spielen. Ist es o.k?
You can play 11 gacha with paying [Multi] Prizm. Is it OK?,You can play 11 gacha with paying [Multi] Prizm. Is it OK?,プリズムを[Multi]支払って１１回ガチャをプレイします。よろしいですか？,你可以玩11个嘎查与支付[Multi] PRIZM。可以吗？,你可以玩11个嘎查与支付[Multi] PRIZM。可以吗？,你可以玩11個嘎查與支付[Multi] PRIZM。可以嗎？,Vous pouvez jouer 11 gacha de payer [Multi] Prizm. Est-ce que c'est bon?,Se puede jugar con el pago de 11 Gacha [Multi] Prizm. ¿Está bien?,프리즘을 [Multi] 지불 11 회 가체를 플레이합니다. 하시겠습니까?,Anda bisa bermain 11 gacha dengan membayar [Multi] Prizm. Apakah itu OK?,คุณสามารถเล่น 11 Gacha กับการชำระเงิน [Multi] พริซึ่ม มันตกลง?,يمكنك لعب 11 gacha مع دفع [Multi] PRIZM. هل الامور على ما يرام؟,Вы можете играть в 11 Gacha с оплатой [Multi] Prizm. Это нормально?,Sie können 11 gacha mit der Zahlung von [Multi] Prizm spielen. Ist es o.k?
"You can release restriction with paying [ReleaseRestrictionPrice] Prizm. To play gacha, you need pay another payment. Is it OK?","You can release restriction with paying [ReleaseRestrictionPrice] Prizm. To play gacha, you need pay another payment. Is it OK?",プリズムを[ReleaseRestrictionPrice]支払ってプレイ制限を解除します。ガチャをプレイするにはまた別に支払いを行う必要があります。よろしいですか？,你可以支付[ReleaseRestrictionPrice] PRIZM释放约束。要播放嘎查，你需要另外支付付款。可以吗？,你可以支付[ReleaseRestrictionPrice] PRIZM释放约束。要播放嘎查，你需要另外支付付款。可以吗？,你可以支付[ReleaseRestrictionPrice] PRIZM釋放約束。要播放嘎查，你需要另外支付付款。可以嗎？,"Vous pouvez libérer la restriction de payer [ReleaseRestrictionPrice] Prizm. Pour jouer Gacha, vous devez payer un autre paiement. Est-ce que c'est bon?","Puede liberar restricción con el pago de [ReleaseRestrictionPrice] Prizm. Para reproducir Gacha, necesita pagar otro pago. ¿Está bien?",프리즘을 [ReleaseRestrictionPrice] 지불하고 플레이 제한을 해제합니다. 가챠를 재생하려면 또한 별도로 지불 할 필요가 있습니다. 하시겠습니까?,"Anda dapat melepaskan pembatasan dengan membayar [ReleaseRestrictionPrice] Prizm. Untuk memainkan gacha, Anda perlu membayar pembayaran lain. Apakah itu OK?",คุณสามารถปล่อยข้อ จำกัด กับการชำระเงิน [ReleaseRestrictionPrice] พริซึ่ม ในการเล่น Gacha คุณจะต้องจ่ายชำระเงินอีกครั้ง มันตกลง?,يمكنك تحرير قيود مع دفع [ReleaseRestrictionPrice] PRIZM. للعب gacha، تحتاج إلى دفع دفعة أخرى. هل الامور على ما يرام؟,"Вы можете выпустить ограничение с оплатой [ReleaseRestrictionPrice] Prizm. Для того, чтобы играть Gacha, вам необходимо оплатить очередной платеж. Это нормально?","Sie können Beschränkung freigeben mit der Zahlung [ReleaseRestrictionPrice] Prizm. So spielen gacha, müssen Sie eine weitere Zahlung zahlen. Ist es o.k?"
The restriction is released!,The restriction is released!,制限を解除しました！,该限制被解除！,该限制被解除！,該限制被解除！,La restriction est libérée!,La restricción se libera!,제한을 해제했습니다!,Pembatasan dilepaskan!,ข้อ จำกัด จะถูกปล่อยออก!,يتم تحرير قيود!,Ограничение выпущено!,Die Einschränkung ist erschienen!
#Mixture,,,,,,,,,,,,,
Mixture Character comment,Generate character from material,素材からキャラクターを生成,生成材料特性,生成材料特性,生成材料特性,Générer caractère de matériel,Generar a partir de material carácter,소재에서 캐릭터를 생성,Menghasilkan karakter dari bahan,สร้างตัวละครจากวัสดุ,توليد حرف من المواد,Генерация персонажа из материала,Generieren Charakter von Material
Mixture Book comment,Generate book from material,素材からブックを生成,生成的材料书,生成的材料书,生成的材料書,Générer livre de matériel,Generar a partir de material de libros,소재에서 북을 생성,Menghasilkan buku dari bahan,สร้างหนังสือจากวัสดุ,توليد كتاب من المواد,Сформировать книгу из материала,Generieren Buch von Material
Mixture Item comment,Generate items from materials,素材からアイテムを生成,生成材料项目,生成材料项目,生成材料項目,Générer des articles à partir de matériaux,Generar artículos de materiales,소재에서 항목을 생성,Menghasilkan barang-barang dari bahan,สร้างรายการจากวัสดุ,تولد العناصر من المواد,Сформировать элементы из материалов,Generieren Sie Elemente aus Materialien
Select generation pod,Select generation pod,生成ポッドを選択,选择代吊舱,选择代吊舱,選擇代吊艙,Sélectionnez pod génération,Seleccione la vaina generación,생성 깍지를 선택,Pilih generasi pod,เลือกฝักรุ่น,حدد الجيل جراب,Выбор стручок поколения,Wählen Generation pod
Start generating,Start generating,生成スタート,开始产生,开始产生,開始產生,commencer à générer,comenzar a generar,생성 시작,mulai menghasilkan,เริ่มต้นสร้าง,بدء توليد,Начало генерации,beginnen Erzeugen
Start generating by Prizm,Start generating by Prizm,プリズムを支払い生成スタート,通过启动PRIZM产生,通过启动PRIZM产生,通過啟動PRIZM產生,Commencez par générer Prizm,Comenzar a generar por Prizm,프리즘을 지불 생성 시작,Mulai menghasilkan oleh Prizm,เริ่มต้นสร้างโดยพริซึ่ม,بدء توليد كتبها PRIZM,Начало генерации по Prizm,Beginnen Sie mit Prizm Erzeugen
Start generating by Gold,Start generating by Gold,ゴールドを支払い生成スタート,通过启动金产生,通过启动金产生,通過啟動金產生,Commencer à générer par Gold,Comenzar a generar por Gold,골드를 지불 생성 시작,Mulai menghasilkan oleh Emas,เริ่มต้นสร้างจากทอง,بدء توليد كتبها الذهب,Начало генерации на золото,Beginnen Sie mit der Gold-Erzeugung
There are unselected materials. Select the material until all checks,There are unselected materials. Select the material until all checks.,選ばれていない素材があります。すべてにチェックが入るまで素材を選んで下さい。,存在未选择的材料。选择材料，直到所有检查。,存在未选择的材料。选择材料，直到所有检查。,存在未選擇的材料。選擇材料，直到所有檢查。,Il existe des matériaux non sélectionnés. Sélectionnez le matériau jusqu'à ce que tous les chèques.,Hay materiales no seleccionados. Seleccionar el material hasta que todos los cheques.,선정되지 않은 소재가 있습니다. 모든 검사가 들어갈 때까지 소재를 선택하십시오.,Ada bahan yang tidak dipilih. Pilih materi sampai semua pemeriksaan.,มีวัสดุที่ไม่ได้เลือกเป็น เลือกวัสดุที่จนกว่าจะตรวจสอบทั้งหมด,هناك مواد غير محددة. حدد المواد حتى تكون جميع الشيكات.,"Есть невыбранные материалы. Выберите материал, пока все проверки.","Es gibt nicht ausgewählte Materialien. Wählen Sie das Material, bis alle Kontrollen."
"Generate [ItemName]. The material used will be lost after generation and can not be restored. Also, it is not possible to use the [Time] time pod after generation. Is it OK?","Generate [ItemName]. The material used will be lost after generation and can not be restored. Also, it is not possible to use the [Time] time pod after generation. Is it OK?",[ItemName]の生成を行います。使用した素材は生成後消失し元に戻すことができません。また、生成後[Time]時間ポッドを使用することができません。よろしいでしょうか？,生成[ItemName]。所用的材料将代后丢失，无法恢复。此外，它不可能产生后使用[Time]时间吊舱。可以吗？,生成[ItemName]。所用的材料将代后丢失，无法恢复。此外，它不可能产生后使用[Time]时间吊舱。可以吗？,生成[ItemName]。所用的材料將代後丟失，無法恢復。此外，它不可能產生後使用[Time]時間吊艙。可以嗎？,"Générer [ItemName]. Le matériau utilisé sera perdu après génération et ne peut pas être restaurée. En outre, il est impossible d'utiliser le [Time] pod après génération. Est-ce que c'est bon?","Generar [ItemName]. El material utilizado se perderá tras generación y no puede ser restaurado. Además, no es posible utilizar el [Time] vaina de tiempo tras generación. ¿Está bien?",[ItemName]를 생성합니다. 사용한 소재는 생성 후 사라 취소 할 수 없습니다. 또한 생성 후 [Time] 시간 깍지를 사용할 수 없습니다. 좋을까요?,"Menghasilkan [ItemName]. Bahan yang digunakan akan hilang setelah generasi dan tidak dapat dipulihkan. Juga, tidak mungkin untuk menggunakan [Time] waktu pod generasi. Apakah itu OK?",สร้าง [ItemName] วัสดุที่ใช้จะหายไปหลังจากที่รุ่นและไม่สามารถเรียกคืนได้ นอกจากนี้ก็เป็นไปไม่ได้ที่จะใช้ [Time] ฝักเวลาแล้วรุ่นเล่า มันตกลง?,توليد [ItemName]. المواد المستخدمة ستفقد بعد جيل والتي لا يمكن استعادتها. أيضا، فإنه ليس من الممكن استخدام [Time] جراب الوقت بعد جيل. هل الامور على ما يرام؟,"Сформировать [ItemName]. Материал, используемый будет утрачен после генерации и не может быть восстановлен. Кроме того, не представляется возможным использовать [Time] времени после того, как стручок поколения. Это нормально?","Generieren [ItemName]. Das verwendete Material wird nach der Erzeugung verloren und können nicht wiederhergestellt werden. Auch ist es nicht möglich, die [Zeit] Zeit pod nach der Erzeugung zu verwenden. Ist es o.k?"
"You can generate [ItemName] with paying [Prizm] Prizm. The material used will be lost after generation and can not be restored. Also, it is not possible to use the [Time] time pod after generation. Is it OK?","You can generate [ItemName] with paying [Prizm] Prizm. The material used will be lost after generation and can not be restored. Also, it is not possible to use the [Time] time pod after generation. Is it OK?",[Prizm]プリズムを支払って[ItemName]の生成を行います。使用した素材は生成後消失し元に戻すことができません。また、生成後[Time]時間ポッドを使用することができません。よろしいでしょうか？,您可以生成[ItemName]与支付[Prizm] PRIZM。所用的材料将代后丢失，无法恢复。此外，它不可能产生后使用[Time]时间吊舱。可以吗？,您可以生成[ItemName]与支付[Prizm] PRIZM。所用的材料将代后丢失，无法恢复。此外，它不可能产生后使用[Time]时间吊舱。可以吗？,您可以生成[ItemName]與支付[Prizm] PRIZM。所用的材料將代後丟失，無法恢復。此外，它不可能產生後使用[Time]時間吊艙。可以嗎？,"Vous pouvez générer [ItemName] avec [Prizm] payer Prizm. Le matériau utilisé sera perdu après génération et ne peut pas être restaurée. En outre, il est impossible d'utiliser le [Time] pod après génération. Est-ce que c'est bon?","Puede generar [ItemName] con el pago [Prizm] Prizm. El material utilizado se perderá tras generación y no puede ser restaurado. Además, no es posible utilizar el [Time] vaina de tiempo tras generación. ¿Está bien?",[Prizm] 프리즘을 지불 [ItemName]를 생성합니다. 사용한 소재는 생성 후 사라 취소 할 수 없습니다. 또한 생성 후 [Time] 시간 깍지를 사용할 수 없습니다. 좋을까요?,"Anda dapat menghasilkan [ItemName] dengan membayar [Prizm] Prizm. Bahan yang digunakan akan hilang setelah generasi dan tidak dapat dipulihkan. Juga, tidak mungkin untuk menggunakan [Time] waktu pod generasi. Apakah itu OK?",คุณสามารถสร้าง [ItemName] กับการชำระเงิน [Prizm] พริซึ่ม วัสดุที่ใช้จะหายไปหลังจากที่รุ่นและไม่สามารถเรียกคืนได้ นอกจากนี้ก็เป็นไปไม่ได้ที่จะใช้ [Time] ฝักเวลาแล้วรุ่นเล่า มันตกลง?,يمكنك توليد [ItemName] مع دفع [Prizm] PRIZM. المواد المستخدمة ستفقد بعد جيل والتي لا يمكن استعادتها. أيضا، فإنه ليس من الممكن استخدام [Time] جراب الوقت بعد جيل. هل الامور على ما يرام؟,"Вы можете сгенерировать [ItemName] с оплатой [Prizm] Prizm. Материал, используемый будет утрачен после генерации и не может быть восстановлен. Кроме того, не представляется возможным использовать [Time] времени после того, как стручок поколения. Это нормально?","Sie können [ItemName] mit der Zahlung [Prizm] Prizm erzeugen. Das verwendete Material wird nach der Erzeugung verloren und können nicht wiederhergestellt werden. Auch ist es nicht möglich, die [Time] Zeit pod nach der Erzeugung zu verwenden. Ist es o.k?"
"You can generate [ItemName] with paying [Gold] Gold. The material used will be lost after generation and can not be restored. Also, it is not possible to use the [Time] time pod after generation. Is it OK?","You can generate [ItemName] with paying [Gold] Gold. The material used will be lost after generation and can not be restored. Also, it is not possible to use the [Time] time pod after generation. Is it OK?",[Gold]ゴールドを支払って[ItemName]の生成を行います。使用した素材は生成後消失し元に戻すことができません。また、生成後[Time]時間ポッドを使用することができません。よろしいでしょうか？,您可以生成[ItemName]与支付[Gold]黄金。所用的材料将代后丢失，无法恢复。此外，它不可能产生后使用[Time]时间吊舱。可以吗？,您可以生成[ItemName]与支付[Gold]黄金。所用的材料将代后丢失，无法恢复。此外，它不可能产生后使用[Time]时间吊舱。可以吗？,您可以生成[ItemName]與支付[Gold]黃金。所用的材料將代後丟失，無法恢復。此外，它不可能產生後使用[Time]時間吊艙。可以嗎？,"Vous pouvez générer [ItemName] de payer [Gold] Or. Le matériau utilisé sera perdu après génération et ne peut pas être restaurée. En outre, il est impossible d'utiliser le [Time] pod après génération. Est-ce que c'est bon?","Puede generar [ItemName] con el pago [Gold] Oro. El material utilizado se perderá tras generación y no puede ser restaurado. Además, no es posible utilizar el [Time] vaina de tiempo tras generación. ¿Está bien?",[Gold] 골드를 지불 [ItemName]를 생성합니다. 사용한 소재는 생성 후 사라 취소 할 수 없습니다. 또한 생성 후 [Time] 시간 깍지를 사용할 수 없습니다. 좋을까요?,"Anda dapat menghasilkan [ItemName] dengan membayar [Gold] Emas. Bahan yang digunakan akan hilang setelah generasi dan tidak dapat dipulihkan. Juga, tidak mungkin untuk menggunakan [Time] waktu pod generasi. Apakah itu OK?",คุณสามารถสร้าง [ItemName] กับการชำระเงิน [Gold] ทอง วัสดุที่ใช้จะหายไปหลังจากที่รุ่นและไม่สามารถเรียกคืนได้ นอกจากนี้ก็เป็นไปไม่ได้ที่จะใช้ [Time] ฝักเวลาแล้วรุ่นเล่า มันตกลง?,يمكنك توليد [ItemName] مع دفع [Gold] الذهب. المواد المستخدمة ستفقد بعد جيل والتي لا يمكن استعادتها. أيضا، فإنه ليس من الممكن استخدام [Time] جراب الوقت بعد جيل. هل الامور على ما يرام؟,"Вы можете сгенерировать [ItemName] с оплатой [Gold] Gold. Материал, используемый будет утрачен после генерации и не может быть восстановлен. Кроме того, не представляется возможным использовать [Time] времени после того, как стручок поколения. Это нормально?","Sie können [ItemName] mit der Zahlung [Gold] Gold-erzeugen. Das verwendete Material wird nach der Erzeugung verloren und können nicht wiederhergestellt werden. Auch ist es nicht möglich, die [Time] Zeit pod nach der Erzeugung zu verwenden. Ist es o.k?"
#User registration,,,,,,,,,,,,,
Please choose your starting method,Please choose your starting method,はじめ方を選んで下さい,请选择您的起动方法,请选择您的起动方法,請選擇您的起動方法,S'il vous plaît choisir votre méthode de départ,"Por favor, elegir el método de partida",시작 방법을 선택하세요,Silakan memilih metode awal Anda,โปรดเลือกวิธีการเริ่มต้นของคุณ,الرجاء اختيار طريقة البداية,"Пожалуйста, выберите способ запуска",Bitte wählen Sie Ihre Startverfahren
Start user registration,Start user registration,ユーザー登録してはじめる,启动用户注册,启动用户注册,啟動用戶註冊,Démarrez l'enregistrement des utilisateurs,Iniciar el registro de usuarios,사용자 등록 시작,Mulai pendaftaran pengguna,เริ่มลงทะเบียนผู้ใช้,بدء تسجيل المستخدم,Начать регистрацию пользователя,Starten Sie die Benutzerregistrierung
Start user registration comment,It is safe even if the data disappears! (You need a Google Account),データが消えても安心！（Googleアカウントが必要です）,它是安全的，即使数据消失了！ （您需要一个谷歌帐户）,它是安全的，即使数据消失了！ （您需要一个谷歌帐户）,它是安全的，即使數據消失了！ （您需要一個谷歌帳戶）,"Il est sûr, même si les données disparaît! (Vous avez besoin d'un compte Google)","Es seguro, incluso si los datos desaparece! (Se necesita una cuenta de Google)",데이터가 사라져도 안심! (Google 계정이 필요합니다),Hal ini aman bahkan jika data hilang! (Anda harus memiliki Akun Google),มันมีความปลอดภัยแม้ว่าข้อมูลที่หายไป! (คุณต้องมีบัญชี Google),فمن آمن حتى لو يختفي البيانات! (تحتاج إلى حساب Google),"Это безопасно, даже если данные исчезают! (Требуется аккаунт Google)","Es ist sicher, auch wenn die Daten verschwinden! (Sie benötigen ein Google-Konto)"
Continue from previous data,Continue from previous data,前のデータからつづける,从以前的数据继续,从以前的数据继续,從以前的數據繼續,Continuer à partir de données précédentes,Continuará a partir de los datos anteriores,이전 데이터에서 계속하는,Lanjutkan dari data sebelumnya,ดำเนินการต่อจากข้อมูลก่อนหน้านี้,تواصل من البيانات السابقة,Продолжить от предыдущих данных,Weiter aus früheren Daten
Start user registration comment,Load data from registered account,登録したアカウントからデータをロード,从注册账号加载数据,从注册账号加载数据,從註冊賬號加載數據,Charger des données de compte enregistré,cargar datos de la cuenta registrada,등록한 계정에서 데이터를로드,Beban data dari akun yang terdaftar,โหลดข้อมูลจากบัญชีที่ลงทะเบียน,تحميل البيانات من الحساب المسجل,Загрузка данных из зарегистрированной учетной записи,Laden von Daten von registrierten Konto
Start without user registration,Start without user registration,ユーザー登録しないではじめる,启动无需用户注册,启动无需用户注册,啟動無需用戶註冊,Commencez sans inscription utilisateur,Sin iniciar el registro de usuarios,등록하지 않고 시작,Mulai tanpa pendaftaran pengguna,เริ่มต้นโดยไม่ต้องลงทะเบียนผู้ใช้,بدء بدون تسجيل المستخدم,Старт без регистрации пользователя,Start ohne Benutzerregistrierung
#Error,,,,,,,,,,,,,
An unknown error occurred.,An unknown error occurred.,原因不明のエラーが発生しました。,出现未知错误。,出现未知错误。,出現未知錯誤。,Une erreur inconnue est survenue.,Un error desconocido ocurrió.,알 수없는 오류가 발생했습니다.,Terjadi kesalahan yang tidak diketahui.,เกิดข้อผิดพลาดที่ไม่ทราบสาเหตุ,حدث خطأ غير معروف.,Произошла неизвестная ошибка.,Ein unbekannter Fehler ist aufgetreten.
Data can not be acquired.,Data can not be acquired.,データが取得できません。,数据无法获得。,数据无法获得。,數據無法獲得。,ne peut pas être données acquises.,Los datos no pueden ser adquiridos.,데이터를 검색 할 수 없습니다.,Data tidak dapat diperoleh.,ข้อมูลที่ไม่สามารถซื้อได้,لا يمكن الحصول على البيانات.,Данные не могут быть приобретены.,Die Daten können nicht erworben werden.
Data can not be saved.,Data can not be saved.,データを保存できません。,数据无法保存。,数据无法保存。,數據無法保存。,Les données ne peuvent être enregistrées.,Los datos no se pueden guardar.,데이터를 저장할 수 없습니다.,Data tidak dapat disimpan.,ข้อมูลที่ไม่สามารถบันทึกได้,لا يمكن حفظ البيانات.,Данные не могут быть сохранены.,Die Daten können nicht gespeichert werden.
Please check the communication environment.,Please check the communication environment.,通信環境をご確認ください。,请检查通信环境。,请检查通信环境。,請檢查通信環境。,S'il vous plaît vérifier l'environnement de communication.,"Por favor, compruebe el entorno de la comunicación.",통신 환경을 확인하시기 바랍니다.,Silakan periksa lingkungan komunikasi.,กรุณาตรวจสอบสภาพแวดล้อมการสื่อสาร,يرجى التحقق من بيئة الاتصالات.,"Пожалуйста, проверьте коммуникационную среду.",Bitte überprüfen Sie die Kommunikationsumgebung.
This function is not supported on this platform.,This function is not supported on this platform.,このプラットフォームではこの機能は対応しておりません。,在此平台不支持此功能。,在此平台不支持此功能。,在此平台不支持此功能。,Cette fonction est pas prise en charge sur cette plate-forme.,Esta función no es compatible con esta plataforma.,이 플랫폼에서는이 기능을 지원하지 않습니다.,Fungsi ini tidak didukung pada platform ini.,ฟังก์ชั่นนี้ไม่ได้รับการสนับสนุนบนแพลตฟอร์มนี้,لا يتم اعتماد هذه الوظيفة على هذه المنصة.,Эта функция не поддерживается на этой платформе.,Diese Funktion wird auf dieser Plattform nicht unterstützt.
You can not have any more items. Please reduce the number by discarding items or synthesizing them.,You can not have any more items. Please reduce the number by discarding items or synthesizing them.,これ以上アイテムを持てません。アイテムを捨てるか合成するか等をして数を減らして下さい。,你不能有任何更多的项目。通过丢弃的物品或合成它们的请减少数量。,你不能有任何更多的项目。通过丢弃的物品或合成它们的请减少数量。,你不能有任何更多的項目。通過丟棄的物品或合成它們的請減少數量。,Vous ne pouvez pas avoir d'autres éléments. S'il vous plaît réduire le nombre en éliminant les éléments ou les synthétiser.,"No se puede tener más elementos. Por favor, reduzca el número descartando elementos o sintetizarlos.",더 이상 아이템을 가질 수 없습니다. 아이템을 버리거나 합성하거나 등을하고 수를 줄이십시오.,Anda tidak dapat memiliki lebih banyak item. Harap mengurangi jumlah dengan membuang barang-barang atau mensintesis mereka.,คุณไม่สามารถมีรายการใด ๆ เพิ่มเติม โปรดลดจำนวนรายการโดยการทิ้งหรือสังเคราะห์พวกเขา,لا يمكنك الحصول على أي عناصر أكثر. يرجى تقليل عدد عن طريق تجاهل العناصر أو تجميع لهم.,Вы не можете иметь больше пунктов. Сократите количество выбрасывания предметов или их синтез.,Sie können keine weiteren Produkte haben. Bitte reduzieren Sie die Anzahl von Einzelteilen oder synthetisieren sie zu verwerfen.
Activation failed,Activation failed. Quit the application. Please wait for a while and start again. If it does not improve please contact the developer of the application.,アクティベートに失敗しました。アプリを終了します。しばらく時間を置いて再度起動して下さい。改善しない場合は、アプリの開発者に問い合わせてください。,激活失败。退出应用程序。请稍等片刻，然后重新开始。如果没有改善，请联系应用程序的开发。,激活失败。退出应用程序。请稍等片刻，然后重新开始。如果没有改善，请联系应用程序的开发。,激活失敗。退出應用程序。請稍等片刻，然後重新開始。如果沒有改善，請聯繫應用程序的開發。,Activation echouée. Quittez l'application. S'il vous plaît attendre pendant un certain temps et recommencer. Si elle ne s'améliore pas s'il vous plaît contacter le développeur de l'application.,"Activación fallida. Salir de la aplicación. Por favor, espere un momento y empezar de nuevo. Si no mejora póngase en contacto con el desarrollador de la aplicación.",활성화에 실패했습니다. 응용 프로그램을 종료합니다. 잠시 시간을두고 다시 시작하십시오. 개선하지 않으면 앱 개발자에게 문의하십시오.,Aktivasi gagal. Keluar dari aplikasi. Harap tunggu sebentar dan mulai lagi. Jika tidak meningkatkan hubungi pengembang aplikasi.,การเปิดใช้งานล้มเหลว ออกจากโปรแกรมประยุกต์ กรุณารอสักครู่และเริ่มต้นอีกครั้ง ถ้ามันไม่ได้ปรับปรุงโปรดติดต่อนักพัฒนาของแอพลิเคชัน,فشل التفعيل. إنهاء التطبيق. يرجى الانتظار لفترة من الوقت والبدء من جديد. إذا كان لا يحسن يرجى الاتصال مطور التطبيق.,"Активация не удалось. Выход из приложения. Пожалуйста, подождите некоторое время и начать снова. Если это не помогает, пожалуйста, свяжитесь с разработчиком приложения.",Aktivierung fehlgeschlagen. Beenden Sie die Anwendung. Bitte warten Sie einen Moment und starten Sie es erneut. Wenn es nicht verbessert bitte an den Entwickler der Anwendung in Verbindung.
#Page,,,,,,,,,,,,,
Home,Home,ホーム,家,家,家,Accueil,Casa,홈,Rumah,บ้าน,الصفحة الرئيسية,Главная,Zuhause
Gacha,Gacha,ガチャ,嘎查,嘎查,嘎查,Gacha,Gacha,가체,Gacha,Gacha,Gacha,Gacha,Gacha
Book,Book,ブック,书,书,書,Livre,Libro,책,Book,หนังสือ,كتاب,Книга,Buch
Music,Music,音楽,音乐,音乐,音樂,La musique,Música,음악,Musik,เพลง,موسيقى,Музыка,Musik
Item,Item,アイテム,项目,项目,項目,Article,ít.,아이템,Barang,ชิ้น,بند,Пункт,Artikel
Chara,Chara,キャラ,甜心,甜心,甜心,Chara,Chara,캐릭터,Chara,Chara,شارا,Чара,Chara
Dungeon,Dungeon,ダンジョン,地下城,地下城,地下城,Cachot,Mazmorra,던전,penjara gelap bawah tanah,กรุ,زنزانة,Подземелье,Verlies
Status,Status,ステータス,状态,状态,狀態,Statut,Estado,상태,Status,สถานะ,الحالة,Положение дел,Status
Scout,Scout,スカウト,侦察,侦察,偵察,Scout,Explorar,스카우트,Pramuka,แมวมอง,كشاف,разведчик,Erkunden
Quest,Quest,クエスト,寻求,寻求,尋求,Quête,Búsqueda,퀘스트,Pencarian,การแสวงหา,بحث,поиск,Suche
Shop,Shop,ショップ,店,店,店,Boutique,tienda,상점,Toko,ร้านขายของ,متجر,Магазин,Geschäft
Others,Others,その他,其他,其他,其他,Autres,Otros,기타,Lainnya,คนอื่น ๆ,الآخرين,другие,Andere
GachaTicket,Gacha Ticket,ガチャチケット,嘎查门票,嘎查门票,嘎查門票,Gacha ticket,Gacha de entradas,가챠 티켓,Gacha Tiket,ตั๋ว Gacha,Gacha تذكرة,Gacha билетов,Gacha Ticket
GachaTicket comment,It is a ticket where you can draw gacha by consuming one at a time,１回につき１つ消費することでガチャが引けるチケットです,这是一票，你可以通过在耗时一个嘎查画,这是一票，你可以通过在耗时一个嘎查画,這是一票，你可以通過在耗時一個嘎查畫,Il est un billet où vous pouvez dessiner gacha en consommant un à la fois,Es un billete donde se puede dibujar gacha por el consumo de una a la vez,1 회에 1 개를 소모하여 가체가 당길 티켓입니다,Ini adalah tiket di mana Anda dapat menarik gacha dengan mengkonsumsi satu per satu,เป็นตั๋วที่คุณสามารถวาด Gacha โดยการบริโภคหนึ่งที่เวลา,إنها تذكرة حيث يمكنك رسم gacha التي تستهلك في وقت واحد,"Это билет, где вы можете рисовать Gacha, потребляя по одному","Es ist ein Ticket, wo Sie gacha durch den Verzehr einer nach dem anderen ziehen kann"
BookList,Book List,ブックリスト,图书清单,图书清单,圖書清單,Liste de livres,Lista de libros,도서 목록,Daftar buku,รายชื่อหนังสือ,قائمة الكتب,Список книг,Bücherliste
BookList comment,You can check the list of possessed books,所持しているブックのリストを確認できます,您可以检查所拥有的书籍列表,您可以检查所拥有的书籍列表,您可以檢查所擁有的書籍列表,Vous pouvez consulter la liste des livres possédés,Puede comprobar la lista de libros que posee,소지하고있는 책의 목록을 확인할 수 있습니다,Anda dapat memeriksa daftar buku yang dimiliki,คุณสามารถตรวจสอบรายชื่อของหนังสือครอบครอง,يمكنك التحقق من قائمة الكتب تمتلكها,Вы можете проверить список книг одержимых,Sie können die Liste der Bücher besessen überprüfen
CharaList,Character List,キャラクターリスト,字符列表,字符列表,字符列表,Liste des personnages,Lista de caracteres,캐릭터 목록,Daftar karakter,รายการตัวอักษร,قائمة الشخصيات,Список символов,Zeichenliste
CharaList comment,You can check the list of possessed characters,所持しているキャラクターのリストを確認できます,您可以检查的拥有角色的列表,您可以检查的拥有角色的列表,您可以檢查的擁有角色的列表,Vous pouvez consulter la liste des personnages possédés,Puede comprobar la lista de personajes que poseen,소지하고있는 캐릭터의 목록을 확인할 수 있습니다,Anda dapat memeriksa daftar karakter yang dimiliki,คุณสามารถตรวจสอบรายชื่อของตัวละครครอบครอง,يمكنك التحقق من قائمة الأحرف تمتلكها,Вы можете проверить список одержимых персонажей,Sie können die Liste der besessenen Zeichen überprüfen
MusicList,Music List,楽曲リスト,音乐列表,音乐列表,音樂列表,Liste de musique,Lista de música,음악리스트,Daftar music,รายการเพลง,قائمة الموسيقى,Список музыки,Musikliste
MusicList comment,You can check the list of possessed music,所持している楽曲のリストを確認できます,您可以检查附身的音乐列表,您可以检查附身的音乐列表,您可以檢查附身的音樂列表,Vous pouvez consulter la liste de la musique possédée,Puede comprobar la lista de música poseída,소지하고있는 곡의 목록을 확인할 수 있습니다,Anda dapat memeriksa daftar musik kesurupan,คุณสามารถตรวจสอบรายชื่อของเพลงสิง,يمكنك التحقق من قائمة الموسيقى يمتلكها,Вы можете проверить список одержимой музыки,Sie können die Liste der besessenen Musik überprüfen
#Game,,,,,,,,,,,,,
Character,Character,キャラクター,字符,字符,字符,Personnage,Personaje,캐릭터,Karakter,ตัวละคร,حرف,символ,Charakter